hgnc,sequence
MTERF3,MALSAQQIPRWFNSVKLRSLINAAQLTKRFTRPARTLLHGFSAQPQISSDNCFLQWGFKTYRTSSLWNSSQSTSSSSQENNSAQSSLLPSMNEQSQKTQNISSFDSELFLEELDELPPLSPMQPISEEEAIQIIADPPLPPASFTLRDYVDHSETLQKLVLLGVDLSKIEKHPEAANLLLRLDFEKDIKQMLLFLKDVGIEDNQLGAFLTKNHAIFSEDLENLKTRVAYLHSKNFSKADVAQMVRKAPFLLNFSVERLDNRLGFFQKELELSVKKTRDLVVRLPRLLTGSLEPVKENMKVYRLELGFKHNEIQHMITRIPKMLTANKMKLTETFDFVHNVMSIPHHIIVKFPQVFNTRLFKVKERHLFLTYLGRAQYDPAKPNYISLDKLVSIPDEIFCEEIAKASVQDFEKFLKTL
MTPN,MCDKEFMWALKNGDLDEVKDYVAKGEDVNRTLEGGRKPLHYAADCGQLEILEFLLLKGADINAPDKHHITPLLSAVYEGHVSCVKLLLSKGADKTVKGPDGLTAFEATDNQAIKALLQ
CBWD1,MLPAVGSADEEEDPAEEDCPELVPIETTQSEEEEKSGLGAKIPVTIITGYLGAGKTTLLNYILTEQHSKRVAVILNEFGEGSALEKSLAVSQGGELYEEWLELRNGCLCCSVKDSGLRAIENLMQKKGKFDYILLETTGLADPGAVASMFWVDAELGSDIYLDGIITIVDSKYGLKHLTEEKPDGLINEATRQVALADAILINKTDLVPEEDVKKLRTTIRSINGLGQILETQRSRVDLSNVLDLHAFDSLSGISLQKKLQHVPGTQPHLDQSIVTITFEVPGNAKEEHLNMFIQNLLWEKNVRNKDNHCMEVIRLKGLVSIKDKSQQVIVQGVHELYDLEETPVSWKDDTERTNRLVLLGRNLDKDILKQLFIATVTETEKQWTTRFQEDQVCT
DDX47,MAAPEEHDSPTEASQPIVEEEETKTFKDLGVTDVLCEACDQLGWTKPTKIQIEAIPLALQGRDIIGLAETGSGKTGAFALPILNALLETPQRLFALVLTPTRELAFQISEQFEALGSSIGVQSAVIVGGIDSMSQSLALAKKPHIIIATPGRLIDHLENTKGFNLRALKYLVMDEADRILNMDFETEVDKILKVIPRDRKTFLFSATMTKKVQKLQRAALKNPVKCAVSSKYQTVEKLQQYYIFIPSKFKDTYLVYILNELAGNSFMIFCSTCNNTQRTALLLRNLGFTAIPLHGQMSQSKRLGSLNKFKAKARSILLATDVASRGLDIPHVDVVVNFDIPTHSKDYIHRVGRTARAGRSGKAITFVTQYDVELFQRIEHLIGKKLPGFPTQDDEVMMLTERVAEAQRFARMELREHGEKKKRSREDAGDNDDTEGAIGVRNKVAGGKMKKRKGR
PSMA2,MAERGYSFSLTTFSPSGKLVQIEYALAAVAGGAPSVGIKAANGVVLATEKKQKSILYDERSVHKVEPITKHIGLVYSGMGPDYRVLVHRARKLAQQYYLVYQEPIPTAQLVQRVASVMQEYTQSGGVRPFGVSLLICGWNEGRPYLFQSDPSGAYFAWKATAMGKNYVNGKTFLEKRYNEDLELEDAIHTAILTLKESFEGQMTEDNIEVGICNEAGFRRLTPTEVKDYLAAIA
CC2D2A,MNPREEKVKIITEEFIENDEDADMGRQNKNSKVRRQPRKKQPPTAVPKEMVSEKSHLGNPQEPVQEEPKTRLLSMTVRRGPRSLPPIPSTSRTGFAEFSMRGRMREKLQAARSKAESALLQEIPTPRPRRLRSPSKKELETEFGTEPGKEVERTQQEVDSQSYSRVKFHDSARKIKPKPQVPPGFPSAEEAYNFFTFNFDPEPEGSEEKPKARHRAGTNQEEEEGEEEEPPAQGGGKEMDEEELLNGDDAEDFLLGLDHVADDFVAVRPADYESIHDRLQMEREMLFIPSRQTVPTYKKLPENVQPRFLEDEGLYTGVRPEVARTNQNIMENRLLMQDPERRWFGDDGRILALPNPIKPFPSRPPVLTQEQSIKAELETLYKKAVKYVHSSQHVIRSGDPPGNFQLDIDISGLIFTHHPCFSREHVLAAKLAQLYDQYLARHQRNKAKFLTDKLQALRNAVQTGLDPEKPHQSLDTIQKTINEYKSEIRQTRKFRDAEQEKDRTLLKTIIKVWKEMKSLREFQRFTNTPLKLVLRKEKADQKADEEAYEAEIQAEISELLEEHTEEYAQKMEEYRTSLQQWKAWRKVQRAKKKKRKQAAEEHPGDEIAEPYPEEDLVKPSPPEPTDRAVIEQEVRERAAQSRRRPWEPTLVPELSLAGSVTPNDQCPRAEVSRREDVKKRSVYLKVLFNNKEVSRTVSRPLGADFRVHFGQIFNLQIVNWPESLTLQVYETVGHSSPTLLAEVFLPIPETTVVTGRAPTEEVEFSSNQHVTLDHEGVGSGVPFSFEADGSNQLTLMTSGKVSHSVAWAIGENGIPLIPPLSQQNIGFRSALKKADAISSIGTSGLTDMKKLAKWAAESKLDPNDPNNAPLMQLISVATSGESYVPDFFRLEQLQQEFNFVSDQELNRSKRFRLLHLRSQEVPEFRNYKQVPVYDREIMEKVFQDYEKRLRDRNVIETKEHIDTHRAIVAKYLQQVRESVINRFLIAKQYFLLADMIVEEEVPNISILGLSLFKLAEQKRPLRPRRKGRKKVTAQNLSDGDIKLLVNIVRAYDIPVRKPAVSKFQQPSRSSRMFSEKHAASPSTYSPTHNADYPLGQVLVRPFVEVSFQRTVCHTTTAEGPNPSWNEELELPFRAPNGDYSTASLQSVKDVVFINIFDEVLHDVLEDDRERGSGIHTRIERHWLGCVKMPFSTIYFQARIDGTFKIDIPPVLLGYSKERNMILERGFDSVRSLSEGSYITLFITIEPQLVPGESIREKFESQEDEKLLQATEKFQAECALKFPNRQCLTTVIDISGKTVFITRYLKPLNPPQELLNVYPNNLQATAELVARYVSLIPFLPDTVSFGGICDLWSTSDQFLDLLAGDEEEHAVLLCNYFLSLGKKAWLLMGNAIPEGPTAYVLTWEQGRYLIWNPCSGHFYGQFDTFCPLKNVGCLIGPDNIWFNIQRYESPLRINFDVTRPKLWKSFFSRSLPYPGLSSVQPEELIYQRSDKAAAAELQDRIEKILKEKIMDWRPRHLTRWNRYCTSTLRHFLPLLEKSQGEDVEDDHRAELLKQLGDYRFSGFPLHMPYSEVKPLIDAVYSTGVHNIDVPNVEFALAVYIHPYPKNVLSVWIYVASLIRNR
PYURF,MLSGARCRLASALRGTRAPPSAVARRCLHASGSRPLADRGKKTEEPPRDFDPALLEFLVCPLSKKPLRYEASTNELINEELGIAYPIIDGIPNMIPQAARMTRQSKKQEEVEQR
RNF4,MSTRKRRGGAINSRQAQKRTREATSTPEISLEAEPIELVETAGDEIVDLTCESLEPVVVDLTHNDSVVIVDERRRPRRNARRLPQDHADSCVVSSDDEELSRDRDVYVTTHTPRNARDEGATGLRPSGTVSCPICMDGYSEIVQNGRLIVSTECGHVFCSQCLRDSLKNANTCPTCRKKINHKRYHPIYI
SNURF,MERARDRLHLRRTTEQHVPEVEVQVKRRRTASLSNQECQLYPRRSQQQQVPVVDFQAELRQAFLAETPRGG
MTG1,MRLTPRALCSAAQAAWRENFPLCGRDVARWFPGHMAKGLKKMQSSLKLVDCIIEVHDARIPLSGRNPLFQETLGLKPHLLVLNKMDLADLTEQQKIMQHLEGEGLKNVIFTNCVKDENVKQIIPMVTELIGRSHRYHRKENLEYCIMVIGVPNVGKSSLINSLRRQHLRKGKATRVGGEPGITRAVMSKIQVSERPLMFLLDTPGVLAPRIESVETGLKLALCGTVLDHLVGEETMADYLLYTLNKHQRFGYVQHYGLGSACDNVERVLKSVAVKLGKTQKVKVLTGTGNVNIIQPNYPAAARDFLQTFRRGLLGSVMLDLDVLRGHPPAETLP
MTRR,MRRFLLLYATQQGQAKAIAEEICEQAVVHGFSADLHCISESDKYDLKTETAPLVVVVSTTGTGDPPDTARKFVKEIQNQTLPVDFFAHLRYGLLGLGDSEYTYFCNGGKIIDKRLQELGARHFYDTGHADDCVGLELVVEPWIAGLWPALRKHFRSSRGQEEISGALPVASPASSRTDLVKSELLHIESQVELLRFDDSGRKDSEVLKQNAVNSNQSNVVIEDFESSLTRSVPPLSQASLNIPGLPPEYLQVHLQESLGQEESQVSVTSADPVFQVPISKAVQLTTNDAIKTTLLVELDISNTDFSYQPGDAFSVICPNSDSEVQSLLQRLQLEDKREHCVLLKIKADTKKKGATLPQHIPAGCSLQFIFTWCLEIRAIPKKAFLRALVDYTSDSAEKRRLQELCSKQGAADYSRFVRDACACLLDLLLAFPSCQPPLSLLLEHLPKLQPRPYSCASSSLFHPGKLHFVFNIVEFLSTATTEVLRKGVCTGWLALLVASVLQPNIHASHEDSGKALAPKISISPRTTNSFHLPDDPSIPIIMVGPGTGIAPFIGFLQHREKLQEQHPDGNFGAMWLFFGCRHKDRDYLFRKELRHFLKHGILTHLKVSFSRDAPVGEEEAPAKYVQDNIQLHGQQVARILLQENGHIYVCGDAKNMAKDVHDALVQIISKEVGVEKLEAMKTLATLKEEKRYLQDIWS
CYP51A1,MLLLGLLQAGGSVLGQAMEKVTGGNLLSMLLIACAFTLSLVYLIRLAAGHLVQLPAGVKSPPYIFSPIPFLGHAIAFGKSPIEFLENAYEKYGPVFSFTMVGKTFTYLLGSDAAALLFNSKNEDLNAEDVYSRLTTPVFGKGVAYDVPNPVFLEQKKMLKSGLNIAHFKQHVSIIEKETKEYFESWGESGEKNVFEALSELIILTASHCLHGKEIRSQLNEKVAQLYADLDGGFSHAAWLLPGWLPLPSFRRRDRAHREIKDIFYKAIQKRRQSQEKIDDILQTLLDATYKDGRPLTDDEVAGMLIGLLLAGQHTSSTTSAWMGFFLARDKTLQKKCYLEQKTVCGENLPPLTYDQLKDLNLLDRCIKETLRLRPPIMIMMRMARTPQTVAGYTIPPGHQVCVSPTVNQRLKDSWVERLDFNPDRYLQDNPASGEKFAYVPFGAGRHRCIGENFAYVQIKTIWSTMLRLYEFDLIDGYFPTVNYTTMIHTPENPVIRYKRRSK
NOMO3,MLVGQGAGPLGPAVVTAAVVLLLSGVGPAHGSEDIVVGCGGFVKSDVEINYSLIEIKLYTKHGTLKYQTDCAPNNGYFMIPLYDKGDFILKIEPPLGWSFEPTTVELHVDGVSDICTKGGDINFVFTGFSVNGKVLSKGQPLGPAGVQVSLRNTGTEAKIQSTVTQPGGKFAFFKVLPGDYEILATHPTWALKEASTTVRVTNSNANAASPLIVAGYNVSGSVRSDGEPMKGVKFLLFSSLVTKEDVLGCNVSPVPGFQPQDESLVYLCYTVSREDGSFSFYSLPSGGYTVIPFYRGERITFDVAPSRLDFTVEHDSLKIEPVFHVMGFSVTGRVLNGPEGDGVPEAVVTLNNQIKVKTKADGSFRLENITTGTYTIHAQKEHLYFETVTIKIAPNTPQLADIVATGFSVCGQISIIRFPDTVKQMNKYKVVLSSQDKDKSLVTVETDAHGSFCFKANPGTYKVQVMVPEAETRAGLTLKPQTFPLTVTDRPVMDVAFVQFLASVSGKVSCLDTCGDLLVTLQSLSRQGEKRSLQLSGKVNAMTFTFDNVLPGKYKISIMHEDWCWKNKSLEVEVLEDDVSAVEFRQTGYMLRCSLSHAITLEFYQDGNGRENVGIYNLSKGVNRFCLSKPGVYKVTPRSCHRFEQAFYTYDTSSPSILTLTAIRHHVLGTITTDKMMDVTVTIKSSIDSEPALVLGPLKSVQELRREQQLAEIEARRQEREKNGNEEGEERMTKPPVQEMVDELQGPFSYDFSYWARSGEKITVTPSSKELLFYPPSMEAVVSGESCPGKLIEIHGKAGLFLEGQIHPELEGVEIVISEKGASSPLITVFTDDKGAYSVGPLHSDLEYTVTSQKEGYVLTAVEGTIGDFKAYALAGVSFEIKAEDDQPLPGVLLSLSGGLFRSNLLTQDNGILTFSNLSPGQYYFKPMMKEFRFEPSSQMIEVQEGQNLKITITGYRTAYSCYGTVSSLNGEPEQGVAMEAVGQNDCSIYGEDTVTDEEGKFRLRGLLPGCVYHVQLKAEGNDHIERALPHHRVIEVGNNDIDDVNIIVFRQINQFDLSGNVITSSEYLPTLWVKLYKSENLDNPIQTVSLGQSLFFHFPPLLRDGENYVVLLDSTLPRSQYDYILPQVSFTAVGYHKHITLIFNPTRKLPEQDIAQGSYIALPLTLLVLLAGYNHDKLIPLLLQLTSRLQGVGALGQAASDNSGPEDAKRQAKKQKTRRT
MTX1,MLLGGPPRSPRSGTSPKGPWSSTGHVQFGKSPQTWPRRTRPRSPEPAAPSGVRGSTWTRRRDSPRRAGPTALSRYVGHLWMGRRPPSPEARGPVPRSSAASRARRSLASPGISPGPLTATIGGAVAGGGPRQGRAEAHKEVFPGQRVGKMAAPMELFCWSGGWGLPSVDLDSLAVLTYARFTGAPLKVHKISNPWQSPSGTLPALRTSHGEVISVPHKIITHLRKEKYNADYDLSARQGADTLAFMSLLEEKLLPVLVHTFWIDTKNYVEVTRKWYAEAMPFPLNFFLPGRMQRQYMERLQLLTGEHRPEDEEELEKELYREARECLTLLSQRLGSQKFFFGDAPASLDAFVFSYLALLLQAKLPSGKLQVHLRGLHNLCAYCTHILSLYFPWDGAEVPPQRQTPAGPETEEEPYRRRNQILSVLAGLAAMVGYALLSGIVSIQRATPARAPGTRTLGMAEEDEEE
CBWD6,MLPAVGSVDEEEDPAEEDCPELVPIETTQSEEEEKSGLGAKIPVTIITGYLGAGKTTLLNYILTEQHSKRVAVILNESGEGSALEKSLAVSQGGELYEEWLELRNGCLCCSVKDNGLRAIENLMQKKGKFDDILLETTGLADPGAVASMFWVDAELGSDIYLDGIITIVDSKYGLKHLTEEKPDGLINEATRQVALADIILINKTDLVPEEDVKKLRTTLRSINGLGQILETQRSRVDLSNVLDLHAFDSLSGISLQKKLQHVPGTQPHLDQSIVTITFDVPGNAKEEHLNMFIQNLLWEKNVRNKDNHCMEVIRLKGLVSIKDKSQQVIVQGVHELCDLEETPVSWKDDTERTNRLVLIGRNLDKDILKQLFIATVTETEKQWTTHFKEDQVCT
MTMR3,MDEETRHSLECIQANQIFPRKQLIREDENLQVPFLELHGESTEFVGRAEDAIIALSNYRLHIKFKESLVNVPLQLIESVECRDIFQLHLTCKDCKVIRCQFSTFEQCQEWLKRLNNAIRPPAKIEDLFSFAYHAWCMEVYASEKEQHGDLCRPGEHVTSRFKNEVERMGFDMNNAWRISNINEKYKLCGSYPQELIVPAWITDKELESVSSFRSWKRIPAVIYRHQSNGAVIARCGQPEVSWWGWRNADDEHLVQSVAKACASDSRSSGSKLSTRNTSRDFPNGGDLSDVEFDSSLSNASGAESLAIQPQKLLILDARSYAAAVANRAKGGGCECPEYYPNCEVVFMGMANIHSIRRSFQSLRLLCTQMPDPGNWLSALESTKWLHHLSVLLKSALLVVHAVDQDQRPVLVHCSDGWDRTPQIVALAKLLLDPYYRTIEGFQVLVEMEWLDFGHKFADRCGHGENSDDLNERCPVFLQWLDCVHQLQRQFPCSFEFNEAFLVKLVQHTYSCLFGTFLCNNAKERGEKHTQERTCSVWSLLRAGNKAFKNLLYSSQSEAVLYPVCHVRNLMLWSAVYLPCPSPTTPVDDSCAPYPAPGTSPDDPPLSRLPKTRSYDNLTTACDNTVPLASRRCSDPSLNEKWQEHRRSLELSSLAGPGEDPLSADSLGKPTRVPGGAELSVAAGVAEGQMENILQEATKEESGVEEPAHRAGIEIQEGKEDPLLEKESRRKTPEASAIGLHQDPELGDAALRSHLDMSWPLFSQGISEQQSGLSVLLSSLQVPPRGEDSLEVPVEQFRIEEIAEGREEAVLPIPVDAKVGYGTSQSCSLLPSQVPFETRGPNVDSSTDMLVEDKVKSVSGPQGHHRSCLVNSGKDRLPQTMEPSPSETSLVERPQVGSVVHRTSLGSTLSLTRSPCALPLAECKEGLVCNGAPETENRASEQPPGLSTLQMYPTPNGHCANGEAGRSKDSLSRQLSAMSCSSAHLHSRNLHHKWLHSHSGRPSATSSPDQPSRSHLDDDGMSVYTDTIQQRLRQIESGHQQEVETLKKQVQELKSRLESQYLTSSLHFNGDFGDEVTSIPDSESNLDQNCLSRCSTEIFSEASWEQVDKQDTEMTRWLPDHLAAHCYACDSAFWLASRKHHCRNCGNVFCSSCCNQKVPVPSQQLFEPSRVCKSCYSSLHPTSSSIDLELDKPIAATSN
MTMR14,MAGARAAAAAASAGSSASSGNQPPQELGLGELLEEFSRTQYRAKDGSGTGGSKVERIEKRCLELFGRDYCFSVIPNTNGDICGHYPRHIVFLEYESSEKEKDTFESTVQVSKLQDLIHRSKMARCRGRFVCPVILFKGKHICRSATLAGWGELYGRSGYNYFFSGGADDAWADVEDVTEEDCALRSGDTHLFDKVRGYDIKLLRYLSVKYICDLMVENKKVKFGMNVTSSEKVDKAQRYADFTLLSIPYPGCEFFKEYKDRDYMAEGLIFNWKQDYVDAPLSIPDFLTHSLNIDWSQYQCWDLVQQTQNYLKLLLSLVNSDDDSGLLVHCISGWDRTPLFISLLRLSLWADGLIHTSLKPTEILYLTVAYDWFLFGHMLVDRLSKGEEIFFFCFNFLKHITSEEFSALKTQRRKSLPARDGGFTLEDICMLRRKDRGSTTSLGSDFSLVMESSPGATGSFTYEAVELVPAGAPTQAAWRKSHSSSPQSVLWNRPQPSEDRLPSQQGLAEARSSSSSSSNHSDNFFRMGSSPLEVPKPRSVDHPLPGSSLSTDYGSWQMVTGCGSIQERAVLHTDSSLPFSFPDELPNSCLLAALSDRETRLQEVRSAFLAAYSSTVGLRAVAPSPSGAIGGLLEQFARGVGLRSISSNAL
EEF1A1P5,MGKEKTHINIVVIGHVDSGKSTTTGHLIYKCGGIDKRTIEKFEKEAAEMGKGSFKYAWVLDKLKAERERGITIDISLWKFETSKYYVTIIDAPGHRDFIKNMITGTSQADCAVLIVAAGVGEFEAGISKNGQTREHALLAYTLGVKQLIVGVNKMDSTEPPYSQKRYEEIVKEVSTYIKKIGYNPDTVAFVPISGWNGDNMLEPSANMPWFKGWKVTRKDGNASGTTLLEALDCILPPTRPTDKPLRLPLQDVYKIGGIGTVPVGRVETGVLKPGMVVTFAPVNVTTEVKSVEMHHEALSEALPGDNVGFKVKNVSVKDVRRGNVAGDSKNDPPMEAAGFTAQVIILNHPGQISAGYAPVLDCHMAHIACKFAELKEKIDRRSGKKLEDGPKFLKSGDAAIVDMVPGKPMCVESFSDYPPLGRFAVRDMRQTVAVGVIKAVDKKAAGAGKVTKSAQKAQKAK
MTHFD1L,MGTRLPLVLRQLRRPPQPPGPPRRLRVPCRASSGGGGGGGGGREGLLGQRRPQDGQARSSCSPGGRTPAARDSIVREVIQNSKEVLSLLQEKNPAFKPVLAIIQAGDDNLMQEINQNLAEEAGLNITHICLPPDSSEAEIIDEILKINEDTRVHGLALQISENLFSNKVLNALKPEKDVDGVTDINLGKLVRGDAHECFVSPVAKAVIELLEKSGVNLDGKKILVVGAHGSLEAALQCLFQRKGSMTMSIQWKTRQLQSKLHEADIVVLGSPKPEEIPLTWIQPGTTVLNCSHDFLSGKVGCGSPRIHFGGLIEEDDVILLAAALRIQNMVSSGRRWLREQQHRRWRLHCLKLQPLSPVPSDIEISRGQTPKAVDVLAKEIGLLADEIEIYGKSKAKVRLSVLERLKDQADGKYVLVAGITPTPLGEGKSTVTIGLVQALTAHLNVNSFACLRQPSQGPTFGVKGGAAGGGYAQVIPMEEFNLHLTGDIHAITAANNLLAAAIDTRILHENTQTDKALYNRLVPLVNGVREFSEIQLARLKKLGINKTDPSTLTEEEVSKFARLDIDPSTITWQRVLDTNDRFLRKITIGQGNTEKGHYRQAQFDIAVASEIMAVLALTDSLADMKARLGRMVVASDKSGQPVTADDLGVTGALTVLMKDAIKPNLMQTLEGTPVFVHAGPFANIAHGNSSVLADKIALKLVGEEGFVVTEAGFGADIGMEKFFNIKCRASGLVPNVVVLVATVRALKMHGGGPSVTAGVPLKKEYTEENIQLVADGCCNLQKQIQITQLFGVPVVVALNVFKTDTRAEIDLVCELAKRAGAFDAVPCYHWSVGGKGSVDLARAVREAASKRSRFQFLYDVQVPIVDKIRTIAQAVYGAKDIELSPEAQAKIDRYTQQGFGNLPICMAKTHLSLSHQPDKKGVPRDFILPISDVRASIGAGFIYPLVGTMSTMPGLPTRPCFYDIDLDTETEQVKGLF
PAGR1,MSLARGHGDTAASTAAPLSEEGEVTSGLQALAVEDTGGPSASAGKAEDEGEGGREETEREGSGGEEAQGEVPSAGGEEPAEEDSEDWCVPCSDEEVELPADGQPWMPPPSEIQRLYELLAAHGTLELQAEILPRRPPTPEAQSEEERSDEEPEAKEEEEEKPHMPTEFDFDDEPVTPKDSLIDRRRTPGSSARSQKREARLDKVLSDMKRHKKLEEQILRTGRDLFSLDSEDPSPASPPLRSSGSSLFPRQRKY
H2AZ2,MAGGKAGKDSGKAKAKAVSRSQRAGLQFPVGRIHRHLKTRTTSHGRVGATAAVYSAAILEYLTAEVLELAGNASKDLKVKRITPRHLQLAIRGDEELDSLIKATIAGGGVIPHIHKSLIGKKGQQKTA
MTFR1,MLGWIKRLIRMVFQQVGVSMQSVLWSRKPYGSSRSIVRKIGTNLSLIQCPRVQFQINSHATEWSPSHPGEDAVASFADVGWVAKEEGECSARLRTEVRSRPPLQDDLLFFEKAPSRQISLPDLSQEEPQLKTPALANEEALQKICALENELAALRAQIAKIVTQQEQQNLTAGDLDSTTFGTIPPHPPPPPPPLPPPALGLHQSTSAVDLIKERREKRANAGKTLVKNNPKKPEMPNMLEILKEMNSVKLRSVKRSEQDVKPKPVDATDPAALIAEALKKKFAYRYRSDSQDEVEKGIPKSESEATSERVLFGPHMLKPTGKMKALIENVSDS
NOMO2,MLVGQGAGLLGPAVVTAAVVLLLSGVGPAHGSEDIVVGCGGFVKSDVEINYSLIEIKLYTKHGTLKYQTDCAPNNGYFMIPLYDKGDFILKIEPPLGWSFEPTTVELHVDGVSDICTKGGDINFVFTGFSVNGKVLSKGQPLGPAGVQVSLRNTGTEAKIQSTVTQPGGKFAFFKVLPGDYEILATHPTWALKEASTTVRVTNSNANAASPLIVAGYNVSGSVRSDGEPMKGVKFLLFSSLVTKEDVLGCNVSPVPGFQPQDESLVYLCYTVSREDGSFSFYSLPSGGYTVIPFYRGERITFDVAPSRLDFTVEHDSLKIEPVFHVMGFSVTGRVLNGPEGDGVPEAVVTLNNQIKVKTKADGSFRLENITTGTYTIHAQKEHLYFETVTIKIAPNTPQLADIVATGFSVCGRISIIRFPDTVKQMNKYKVVLSSQDKDKSLVTVETDAHGSFCFKAKPGTYKVQVMVPEAETRAGLTLKPQTFPLTVTDRPVMDVAFVQFLASVSGKVSCLDTCGDLLVTLQSLSRQGEKRSLQLSGKVNAMTFTFDNVLPGKYKISIMHEDWCWKNKSLEVEVLEDDVSAVEFRQTGYMLRCSLSHAITLEFYQDGNGRENVGIYNLSKGVNRFCLSKPGVYKVTPRSCHRFEQAFYTYDTSSPSILTLTAIRHHVLGTITTDKMMDVTVTIKSSIDSEPALVLGPLKSVQELRREQQLAEIEARRQEREKNGNEEGEERMTKPPVQEMVDELQGPFSYDFSYWARSGEKITVTPSSKELLFYPPSMEAVVSGESCPGKLIEIHGKAGLFLEGQIHPELEGVEIVISEKGASSPLITVFTDDKGAYSVGPLHSDLEYTVTSQKEGYVLTAVEGTIGDFKAYALAGVSFEIKAEDDQPLPGVLLSLSGGLFRSNLLTQDNGILTFSNLSPGQYYFKPMMKEFRFEPSSQMIEVQEGQNLKITITGYRTAYSCYGTVSSLNGEPEQGVAMEAVGQNDCSIYGEDTVTDEEGKFRLRGLLPGCVYHVQLKAEGNDHIERALPHHRVIEVGNNDIDDVNIIVFRQINQFDLSGNVITSSEYLPTLWVKLYKSENLDNPIQTVSLGQSLFFHFPPLLRDGENYVVLLDSTLPRSQYDYILPQVSFTAVGYHKHITLIFNPTRKLPEQDIAQGSYIALPLTLLVLLAGYNHDKLIPLLLQLTSRLQGVGALGQAASDNSGPEDAKRQAKKQKTRRTLRLQEEFQLMWCLVPWRGTLGIHLFSSLPFASEILLETTATCIHY
SERF1A,MARGNQRELARQKNMKKTQEISKGKRKEDSLTASQRKQSSGGQKSESKMSAGPHLPLKAPRENPCFPLPAAGGSRYYLAYGSITPISAFVFVVFFSVFFPSFYEDFCCWI
TIAF1,MSSPSSPFREQSFLCAAGDAGEESRVQVLKNEVRRGSPVLLGWVEQAYADKCVCGPSAPPAPTPPSLSQRVMCNDLFKVNPFQLQQFRADPSTASLLLCPGGLDHKLNLRGKAWG
BOLA2,MELSAEYLREKLQRDLEAEHVEVEDTTLNRCSCSFRVLVVSAKFEGKPLLQRHRLVNACLAEELPHIHAFEQKTLTPDQWARERQK
MTHFD2,MAATSLMSALAARLLQPAHSCSLRLRPFHLAAVRNEAVVISGRKLAQQIKQEVRQEVEEWVASGNKRPHLSVILVGENPASHSYVLNKTRAAAVVGINSETIMKPASISEEELLNLINKLNNDDNVDGLLVQLPLPEHIDERRICNAVSPDKDVDGFHVINVGRMCLDQYSMLPATPWGVWEIIKRTGIPTLGKNVVVAGRSKNVGMPIAMLLHTDGAHERPGGDATVTISHRYTPKEQLKKHTILADIVISAAGIPNLITADMIKEGAAVIDVGINRVHDPVTAKPKLVGDVDFEGVRQKAGYITPVPGGVGPMTVAMLMKNTIIAAKKVLRLEEREVLKSKELGVATN
SRSF8,MSCGRPPPDVDGMITLKVDNLTYRTSPDSLRRVFEKYGRVGDVYIPREPHTKAPRGFAFVRFHDRRDAQDAEAAMDGAELDGRELRVQVARYGRRDLPRSRQGEPRGRSRGGGYGRRSRSYGRRSRSPRRRHRSRSRGPSCSRSRSRSRYRGSRYSRSPYSRSPYSRSRYSRSPYSRSRYRESRYGGSHYSSSGYSNSRYSRYHSSRSHSKSGSSTSSRSASTSKSSSARRSKSSSVSRSRSRSRSSSMTRSPPRVSKRKSKSRSRSKRPPKSPEEEGQMSS
MTCH1,MGASDPEVAPWARGGAAGMAGAGAGAGARGGAAAGVEARARDPPPAHRAHPRHPRPAAQPSARRMDGGSGGLGSGDNAPTTEALFVALGAGVTALSHPLLYVKLLIQVGHEPMPPTLGTNVLGRKVLYLPSFFTYAKYIVQVDGKIGLFRGLSPRLMSNALSTVTRGSMKKVFPPDEIEQVSNKDDMKTSLKKVVKETSYEMMMQCVSRMLAHPLHVISMRCMVQFVGREAKYSGVLSSIGKIFKEEGLLGFFVGLIPHLLGDVVFLWGCNLLAHFINAYLVDDSVSDTPGGLGNDQNPGSQFSQALAIRSYTKFVMGIAVSMLTYPFLLVGDLMAVNNCGLQAGLPPYSPVFKSWIHCWKYLSVQGQLFRGSSLLFRRVSSGSCFALE
H1-0,MTENSTSAPAAKPKRAKASKKSTDHPKYSDMIVAAIQAEKNRAGSSRQSIQKYIKSHYKVGENADSQIKLSIKRLVTTGVLKQTKGVGASGSFRLAKSDEPKKSVAFKKTKKEIKKVATPKKASKPKKAASKAPTKKPKATPVKKAKKKLAATPKKAKKPKTVKAKPVKASKPKKAKPVKPKAKSSAKRAGKKK
PGAM4,MAAYKLVLIRHGESTWNLENRFSCWYDADLSPAGHEEAKRGGQALRDAGYEFDICLTSVQKRVIRTLWTVLDAIDQMWLPVVRTWRLNERHYGGLTGLNKAETAAKHGEAQVKIWRRSYDVPPPPMEPDHPFYSNISKDRRYADLTEDQLPSYESPKDTIARALPFWNEEIVPQIKEGKRVLIAAHGNSLQGIAKHVEGLSEEAIMELNLPTGIPIVYELDKNLKPIKPMQFLGDEETVCKAIEAVAAQGKAKK
MTCH2,MADAASQVLLGSGLTILSQPLMYVKVLIQVGYEPLPPTIGRNIFGRQVCQLPGLFSYAQHIASIDGRRGLFTGLTPRLCSGVLGTVVHGKVLQHYQESDKGEELGPGNVQKEVSSSFDHVIKETTREMIARSAATLITHPFHVITLRSMVQFIGRESKYCGLCDSIITIYREEGILGFFAGLVPRLLGDILSLWLCNSLAYLVNTYALDSGVSTMNEMKSYSQAVTGFFASMLTYPFVLVSNLMAVNNCGLAGGCPPYSPIYTSWIDCWCMLQKEGNMSRGNSLFFRKVPFGKTYCCDLKMLI
MACROH2A1,MSSRGGKKKSTKTSRSAKAGVIFPVGRMLRYIKKGHPKYRIGVGAPVYMAAVLEYLTAEILELAGNAARDNKKGRVTPRHILLAVANDEELNQLLKGVTIASGGVLPNIHPELLAKKRGSKGKLEAIITPPPAKKAKSPSQKKPVSKKAGGKKGARKSKKKQGEVSKAASADSTTEGTPADGFTVLSTKSLFLGQKLNLIHSEISNLAGFEVEAIINPTNADIDLKDDLGNTLEKKGGKEFVEAVLELRKKNGPLEVAGAAVSAGHGLPAKFVIHCNSPVWGADKCEELLEKTVKNCLALADDKKLKSIAFPSIGSGRNGFPKQTAAQLILKAISSYFVSTMSSSIKTVYFVLFDSESIGIYVQEMAKLDAN
MTA3,MAANMYRVGDYVYFENSSSNPYLIRRIEELNKTASGNVEAKVVCFYRRRDISNTLIMLADKHAKEIEEESETTVEADLTDKQKHQLKHRELFLSRQYESLPATHIRGKCSVALLNETESVLSYLDKEDTFFYSLVYDPSLKTLLADKGEIRVGPRYQADIPEMLLEGESDEREQSKLEVKVWDPNSPLTDRQIDQFLVVARAVGTFARALDCSSSVRQPSLHMSAAAASRDITLFHAMDTLYRHSYDLSSAISVLVPLGGPVLCRDEMEEWSASEASLFEEALEKYGKDFNDIRQDFLPWKSLTSIIEYYYMWKTTDRYVQQKRLKAAEAESKLKQVYIPTYSKPNPNQISTSNGKPGAVNGAVGTTFQPQNPLLGRACESCYATQSHQWYSWGPPNMQCRLCAICWLYWKKYGGLKMPTQSEEEKLSPSPTTEDPRVRSHVSRQAMQGMPVRNTGSPKSAVKTRQAFFLHTTYFTKFARQVCKNTLRLRQAARRPFVAINYAAIRAEYADRHAELSGSPLKSKSTRKPLACIIGYLEIHPAKKPNVIRSTPSLQTPTTKRMLTTPNHTSLSILGKRNYSHHNGLDELTCCVSD
DLEU1,MRPCIWIHVHLKPPCRLVELLPFSSALQGLSHLSLGTTLPVILPERNEEQNLQELSHNADKYQMGDCCKEEIDDSIFY
MTHFSD,MEPRAVGVSKQDIREQIWGYMESQNLADFPRPVHHRIPNFKGSYLACQNIKDLDVFARTQEVKVDPDKPLEGVRLLVLQSKKTLLVPTPRLRTGLFNKITPPPGATKDILRKCATSQGVRNYSVPIGLDSRVLVDLVVVGSVAVSEKGWRIGKGEGYADLEYAMMVSMGAVSKETPVVTIVHDCQVVDIPEELVEEHDITVDYILTPTRVIATGCKRPKPMGITWFKISLEMMEKIPILRSLRAREQQAGKDVTLQGEHQHLPEPGCQQTVPLSVGRRPPDTPGPETNSMEAAPGSPPGEGAPLAADVYVGNLPGDARVSDLKRALRELGSVPLRLTWQGPRRRAFLHYPDSAAAQQAVSCLQGLRLGTDTLRVALARQQRDK
STAG3L3,MIFSMLRKLPKVTCRDVLPEIRAICIEEIGCWMQSYSTSFLTDSYLKYIGWTLHDKHREVRVKCVKALKGLYGNRDLTARLELFTGCFKDWMVSMIMDREYSVAVEAVRLLILILKNMEGVLMDVDCESVYPIV
MTMR4,MGEEGPPSLEYIQAKDLFPPKELVKEEENLQVPFTVLQGEGVEFLGRAADALIAISNYRLHIKFKDSVINVPLRMIDSVESRDMFQLHISCKDSKVVRCHFSTFKQCQEWLSRLSRATARPAKPEDLFAFAYHAWCLGLTEEDQHTHLCQPGEHIRCRQEAELARMGFDLQNVWRVSHINSNYKLCPSYPQKLLVPVWITDKELENVASFRSWKRIPVVVYRHLRNGAAIARCSQPEISWWGWRNADDEYLVTSIAKACALDPGTRATGGSLSTGNNDTSEACDADFDSSLTACSGVESTAAPQKLLILDARSYTAAVANRAKGGGCECEEYYPNCEVVFMGMANIHAIRNSFQYLRAVCSQMPDPSNWLSALESTKWLQHLSVMLKAAVLVANTVDREGRPVLVHCSDGWDRTPQIVALAKILLDPYYRTLEGFQVLVESDWLDFGHKFGDRCGHQENVEDQNEQCPVFLQWLDSVHQLLKQFPCLFEFNEAFLVKLVQHTYSCLYGTFLANNPCEREKRNIYKRTCSVWALLRAGNKNFHNFLYTPSSDMVLHPVCHVRALHLWTAVYLPASSPCTLGEENMDLYLSPVAQSQEFSGRSLDRLPKTRSMDDLLSACDTSSPLTRTSSDPNLNNHCQEVRVGLEPWHSNPEGSETSFVDSGVGGPQQTVGEVGLPPPLPSSQKDYLSNKPFKSHKSCSPSYKLLNTAVPREMKSNTSDPEIKVLEETKGPAPDPSAQDELGRTLDGIGEPPEHCPETEAVSALSKVISNKCDGVCNFPESSQNSPTGTPQQAQPDSMLGVPSKCVLDHSLSTVCNPPSAACQTPLDPSTDFLNQDPSGSVASISHQEQLSSVPDLTHGEEDIGKRGNNRNGQLLENPRFGKMPLELVRKPISQSQISEFSFLGSNWDSFQGMVTSFPSGEATPRRLLSYGCCSKRPNSKQMRATGPCFGGQWAQREGVKSPVCSSHSNGHCTGPGGKNQMWLSSHPKQVSSTKPVPLNCPSPVPPLYLDDDGLPFPTDVIQHRLRQIEAGYKQEVEQLRRQVRELQMRLDIRHCCAPPAEPPMDYEDDFTCLKESDGSDTEDFGSDHSEDCLSEASWEPVDKKETEVTRWVPDHMASHCYNCDCEFWLAKRRHHCRNCGNVFCAGCCHLKLPIPDQQLYDPVLVCNSCYEHIQVSRARELMSQQLKKPIATASS
MBD5,MNGGKECDGGDKEGGLPAIQVPVGWQRRVDQNGVLYVSPSGSLLSCLEQVKTYLLTDGTCKCGLECPLILPKVFNFDPGAAVKQRTAEDVKADEDVTKLCIHKRKIIAVATLHKSMEAPHPSLVLTSPGGGTNATPVVPSRAATPRSVRNKSHEGITNSVMPECKNPFKLMIGSSNAMGRLYVQELPGSQQQELHPVYPRQRLGSSEHGQKSPFRGSHGGLPSPASSGSQIYGDGSISPRTDPLGSPDVFTRSNPGFHGAPNSSPIHLNRTPLSPPSVMLHGSPVQSSCAMAGRTNIPLSPTLTTKSPVMKKPMCNFSTNMEIPRAMFHHKPPQGPPPPPPPSCALQKKPLTSEKDPLGILDPIPSKPVNQNPVIINPTSFHSNVHSQVPMMNVSMPPAVVPLPSNLPLPTVKPGHMNHGSHVQRVQHSASTSLSPSPVTSPVHMMGTGIGRIEASPQRSRSSSTSSDHGNFMMPPVGPQATSSGIKVPPRSPRSTIGSPRPSMPSSPSTKSDGHHQYKDIPNPLIAGISNVLNTPSSAAFPTASAGSSSVKSQPGLLGMPLNQILNQHNAASFPASSLLSAAAKAQLANQNKLAGNNSSSSSNSGAVAGSGNTEGHSTLNTMFPPTANMLLPTGEGQSGRAALRDKLMSQQKDALRKRKQPPTTVLSLLRQSQMDSSAVPKPGPDLLRKQGQGSFPISSMSQLLQSMSCQSSHLSSNSTPGCGASNTALPCSANQLHFTDPSMNSSVLQNIPLRGEAVHCHNANTNFVHSNSPVPNHHLAGLINQIQASGNCGMLSQSGMALGNSLHPNPPQSRISTSSTPVIPNSIVSSYNQTSSEAGGSGPSSSIAIAGTNHPAITKTTSVLQDGVIVTTAAGNPLQSQLPIGSDFPFVGQEHALHFPSNSTSNNHLPHPLNPSLLSSLPISLPVNQQHLLNQNLLNILQPSAGEGDMSSINNTLSNHQLTHLQSLLNNNQMFPPNQQQQQLLQGYQNLQAFQGQSTIPCPANNNPMACLFQNFQVRMQEDAALLNKRISTQPGLTALPENPNTTLPPFQDTPCELQPRIDPSLGQQVKDGLVVGGPGDASVDAIYKAVVDAASKGMQVVITTAVNSTTQISPIPALSAMSAFTASIGDPLNLSSAVSAVIHGRNMGGVDHDGRLRNSRGARLPKNLDHGKNVNEGDGFEYFKSASCHTSKKQWDGEQSPRGERNRWKYEEFLDHPGHIHSSPCHERPNNVSTLPFLPGEQHPILLPPRNCPGDKILEENFRYNNYKRTMMSFKERLENTVERCAHINGNRPRQSRGFGELLSTAKQDLVLEEQSPSSSNSLENSLVKDYIHYNGDFNAKSVNGCVPSPSDAKSISSEDDLRNPDSPSSNELIHYRPRTFNVGDLVWGQIKGLTSWPGKLVREDDVHNSCQQSPEEGKVEPEKLKTLTEGLEAYSRVRKRNRKSGKLNNHLEAAIHEAMSELDKMSGTVHQIPQGDRQMRPPKPKRRKISR
GPR89B,MSFLIDSSIMITSQILFFGFGWLFFMRQLFKDYEIRQYVVQVIFSVTFAFSCTMFELIIFEILGVLNSSSRYFHWKMNLCVILLILVFMVPFYIGYFIVSNIRLLHKQRLLFSCLLWLTFMYFFWKLGDPFPILSPKHGILSIEQLISRVGVIGVTLMALLSGFGAVNCPYTYMSYFLRNVTDTDILALERRLLQTMDMIISKKKRMAMARRTMFQKGEVHNKPSGFWGMIKSVTTSASGSENLTLIQQEVDALEELSRQLFLETADLYATKERIEYSKTFKGKYFNFLGYFFSIYCVWKIFMATINIVFDRVGKTDPVTRGIEITVNYLGIQFDVKFWSQHISFILVGIIIVTSIRGLLITLTKFFYAISSSKSSNVIVLLLAQIMGMYFVSSVLLIRMSMPLEYRTIITEVLGELQFNFYHRWFDVIFLVSALSSILFLYLAHKQAPEKQMAP
MTDH,MAARSWQDELAQQAEEGSARLREMLSVGLGFLRTELGLDLGLEPKRYPGWVILVGTGALGLLLLFLLGYGWAAACAGARKKRRSPPRKREEAAAVPAAAPDDLALLKNLRSEEQKKKNRKKLSEKPKPNGRTVEVAEGEAVRTPQSVTAKQPPEIDKKNEKSKKNKKKSKSDAKAVQNSSRHDGKEVDEGAWETKISHREKRQQRKRDKVLTDSGSLDSTIPGIENTITVTTEQLTTASFPVGSKKNKGDSHLNVQVSNFKSGKGDSTLQVSSGLNENLTVNGGGWNEKSVKLSSQISAGEEKWNSVSPASAGKRKTEPSAWSQDTGDANTNGKDWGRSWSDRSIFSGIGSTAEPVSQSTTSDYQWDVSRNQPYIDDEWSGLNGLSSADPNSDWNAPAEEWGNWVDEERASLLKSQEPIPDDQKVSDDDKEKGEGALPTGKSKKKKKKKKKQGEDNSTAQDTEELEKEIREDLPVNTSKTRPKQEKAFSLKTISTSDPAEVLVKNSQPIKTLPPATSTEPSVILSKSDSDKSSSQVPPILQETDKSKSNTKQNSVPPSQTKSETSWESPKQIKKKKKARRET
TOMM6,MASSTVPVSAAGSANETPEIPDNVGDWLRGVYRFATDRNDFRRNLILNLGLFAAGVWLARNLSDIDLMAPQPGV
DUSP4,MVTMEELREMDCSVLKRLMNRDENGGGAGGSGSHGTLGLPSGGKCLLLDCRPFLAHSAGYILGSVNVRCNTIVRRRAKGSVSLEQILPAEEEVRARLRSGLYSAVIVYDERSPRAESLREDSTVSLVVQALRRNAERTDICLLKGGYERFSSEYPEFCSKTKALAAIPPPVPPSATEPLDLGCSSCGTPLHDQGGPVEILPFLYLGSAYHAARRDMLDALGITALLNVSSDCPNHFEGHYQYKCIPVEDNHKADISSWFMEAIEYIDAVKDCRGRVLVHCQAGISRSATICLAYLMMKKRVRLEEAFEFVKQRRSIISPNFSFMGQLLQFESQVLATSCAAEAASPSGPLRERGKTPATPTSQFVFSFPVSVGVHSAPSSLPYLHSPITTSPSC
MTFR1L,MSGMEATVTIPIWQNKPHGAARSVVRRIGTNLPLKPCARASFETLPNISDLCLRDVPPVPTLADIAWIAADEEETYARVRSDTRPLRHTWKPSPLIVMQRNASVPNLRGSEERLLALKKPALPALSRTTELQDELSHLRSQIAKIVAADAASASLTPDFLSPGSSNVSSPLPCFGSSFHSTTSFVISDITEETEVEVPELPSVPLLCSASPECCKPEHKAACSSSEEDDCVSLSKASSFADMMGILKDFHRMKQSQDLNRSLLKEEDPAVLISEVLRRKFALKEEDISRKGN
MTAP,MASGTTTTAVKIGIIGGTGLDDPEILEGRTEKYVDTPFGKPSDALILGKIKNVDCVLLARHGRQHTIMPSKVNYQANIWALKEEGCTHVIVTTACGSLREEIQPGDIVIIDQFIDRTTMRPQSFYDGSHSCARGVCHIPMAEPFCPKTREVLIETAKKLGLRCHSKGTMVTIEGPRFSSRAESFMFRTWGADVINMTTVPEVVLAKEAGICYASIAMATDYDCWKEHEEAVSVDRVLKTLKENANKAKSLLLTTIPQIGSTEWSETLHNLKNMAQFSVLLPRH
MTMR2,MEKSSSCESLGSQPAAARPPSVDSLSSASTSHSENSVHTKSASVVSSDSISTSADNFSPDLRVLRESNKLAEMEEPPLLPGENIKDMAKDVTYICPFTGAVRGTLTVTNYRLYFKSMERDPPFVLDASLGVINRVEKIGGASSRGENSYGLETVCKDIRNLRFAHKPEGRTRRSIFENLMKYAFPVSNNLPLFAFEYKEVFPENGWKLYDPLLEYRRQGIPNESWRITKINERYELCDTYPALLVVPANIPDEELKRVASFRSRGRIPVLSWIHPESQATITRCSQPMVGVSGKRSKEDEKYLQAIMDSNAQSHKIFIFDARPSVNAVANKAKGGGYESEDAYQNAELVFLDIHNIHVMRESLRKLKEIVYPNIEETHWLSNLESTHWLEHIKLILAGALRIADKVESGKTSVVVHCSDGWDRTAQLTSLAMLMLDGYYRTIRGFEVLVEKEWLSFGHRFQLRVGHGDKNHADADRSPVFLQFIDCVWQMTRQFPTAFEFNEYFLITILDHLYSCLFGTFLCNSEQQRGKENLPKRTVSLWSYINSQLEDFTNPLYGSYSNHVLYPVASMRHLELWVGYYIRWNPRMKPQEPIHNRYKELLAKRAELQKKVEELQREISNRSTSSSERASSPAQCVTPVQTVV
C1QTNF6,MQWLRVRESPGEATGHRVTMGTAALGPVWAALLLFLLMCEIPMVELTFDRAVASGCQRCCDSEDPLDPAHVSSASSSGRPHALPEIRPYINITILKGDKGDPGPMGLPGYMGREGPQGEPGPQGSKGDKGEMGSPGAPCQKRFFAFSVGRKTALHSGEDFQTLLFERVFVNLDGCFDMATGQFAAPLRGIYFFSLNVHSWNYKETYVHIMHNQKEAVILYAQPSERSIMQSQSVMLDLAYGDRVWVRLFKRQRENAIYSNDFDTYITFSGHLIKAEDD
RPS17,MGRVRTKTVKKAARVIIEKYYTRLGNDFHTNKRVCEEIAIIPSKKLRNKIAGYVTHLMKRIQRGPVRGISIKLQEEERERRDNYVPEVSALDQEIIEVDPDTKEMLKLLDFGSLSNLQVTQPTVGMNFKTPRGPV
C2orf15,MSSTLGKLSNQVEETLPLLKKVPANYFHICSAILMGFSLSKSATQVSAIHMDSKVDDHLIRGTEKSRLEPATQLFQNTKKIRLEDTNQENFTRIEGTGTGSLSGKALGSVVYVKESDGLEMTDVE
H3-3A,MARTKQTARKSTGGKAPRKQLATKAARKSAPSTGGVKKPHRYRPGTVALREIRRYQKSTELLIRKLPFQRLVREIAQDFKTDLRFQSAAIGALQEASEAYLVGLFEDTNLCAIHAKRVTIMPKDIQLARRIRGERA
MTFMT,MRVLVRRCWGPPLAHGARRGRPSPQWRALARLGWEDCRDSRVREKPPWRVLFFGTDQFAREALRALHAARENKEEELIDKLEVVTMPSPSPKGLPVKQYAVQSQLPVYEWPDVGSGEYDVGVVASFGRLLNEALILKFPYGILNVHPSCLPRWRGPAPVIHTVLHGDTVTGVTIMQIRPKRFDVGPILKQETVPVPPKSTAKELEAVLSRLGANMLISVLKNLPESLSNGRQQPMEGATYAPKISAGTSCIKWEEQTSEQIFRLYRAIGNIIPLQTLWMANTIKLLDLVEVNSSVLADPKLTGQALIPGSVIYHKQSQILLVYCKDGWIGVRSVMLKKSLTATDFYNGYLHPWYQKNSQAQPSQCRFQTLRLPTKKKQKKTVAMQQCIE
MTHFD1,MAPAEILNGKEISAQIRARLKNQVTQLKEQVPGFTPRLAILQVGNRDDSNLYINVKLKAAEEIGIKATHIKLPRTTTESEVMKYITSLNEDSTVHGFLVQLPLDSENSINTEEVINAIAPEKDVDGLTSINAGRLARGDLNDCFIPCTPKGCLELIKETGVPIAGRHAVVVGRSKIVGAPMHDLLLWNNATVTTCHSKTAHLDEEVNKGDILVVATGQPEMVKGEWIKPGAIVIDCGINYVPDDKKPNGRKVVGDVAYDEAKERASFITPVPGGVGPMTVAMLMQSTVESAKRFLEKFKPGKWMIQYNNLNLKTPVPSDIDISRSCKPKPIGKLAREIGLLSEEVELYGETKAKVLLSALERLKHRPDGKYVVVTGITPTPLGEGKSTTTIGLVQALGAHLYQNVFACVRQPSQGPTFGIKGGAAGGGYSQVIPMEEFNLHLTGDIHAITAANNLVAAAIDARIFHELTQTDKALFNRLVPSVNGVRRFSDIQIRRLKRLGIEKTDPTTLTDEEINRFARLDIDPETITWQRVLDTNDRFLRKITIGQAPTEKGHTRTAQFDISVASEIMAVLALTTSLEDMRERLGKMVVASSKKGEPVSAEDLGVSGALTVLMKDAIKPNLMQTLEGTPVFVHAGPFANIAHGNSSIIADRIALKLVGPEGFVVTEAGFGADIGMEKFFNIKCRYSGLCPHVVVLVATVRALKMHGGGPTVTAGLPLPKAYIQENLELVEKGFSNLKKQIENARMFGIPVVVAVNAFKTDTESELDLISRLSREHGAFDAVKCTHWAEGGKGALALAQAVQRAAQAPSSFQLLYDLKLPVEDKIRIIAQKIYGADDIELLPEAQHKAEVYTKQGFGNLPICMAKTHLSLSHNPEQKGVPTGFILPIRDIRASVGAGFLYPLVGTMSTMPGLPTRPCFYDIDLDPETEQVNGLF
MTA2,MAANMYRVGDYVYFENSSSNPYLVRRIEELNKTANGNVEAKVVCLFRRRDISSSLNSLADSNAREFEEESKQPGVSEQQRHQLKHRELFLSRQFESLPATHIRGKCSVTLLNETDILSQYLEKEDCFFYSLVFDPVQKTLLADQGEIRVGCKYQAEIPDRLVEGESDNRNQQKMEMKVWDPDNPLTDRQIDQFLVVARAVGTFARALDCSSSIRQPSLHMSAAAASRDITLFHAMDTLQRNGYDLAKAMSTLVPQGGPVLCRDEMEEWSASEAMLFEEALEKYGKDFNDIRQDFLPWKSLASIVQFYYMWKTTDRYIQQKRLKAAEADSKLKQVYIPTYTKPNPNQIISVGSKPGMNGAGFQKGLTCESCHTTQSAQWYAWGPPNMQCRLCASCWIYWKKYGGLKTPTQLEGATRGTTEPHSRGHLSRPEAQSLSPYTTSANRAKLLAKNRQTFLLQTTKLTRLARRMCRDLLQPRRAARRPYAPINANAIKAECSIRLPKAAKTPLKIHPLVRLPLATIVKDLVAQAPLKPKTPRGTKTPINRNQLSQNRGLGGIMVKRAYETMAGAGVPFSANGRPLASGIRSSSQPAAKRQKLNPADAPNPVVFVATKDTRALRKALTHLEMRRAARRPNLPLKVKPTLIAVRPPVPLPAPSHPASTNEPIVLED
MTX2,MSLVAEAFVSQIAAAEPWPENATLYQQLKGEQILLSDNAASLAVQAFLQMCNLPIKVVCRANAEYMSPSGKVPFIHVGNQVVSELGPIVQFVKAKGHSLSDGLEEVQKAEMKAYMELVNNMLLTAELYLQWCDEATVGEITHARYGSPYPWPLNHILAYQKQWEVKRKMKAIGWGKKTLDQVLEDVDQCCQALSQRLGTQPYFFNKQPTELDALVFGHLYTILTTQLTNDELSEKVKNYSNLLAFCRRIEQHYFEDRGKGRLS
MTO1,MFYFRGCGRWVAVSFTKQQFPLARLSSDSAAPRTPHFDVIVIGGGHAGTEAATAAARCGSRTLLLTHRVDTIGQMSCNPSFGGIGKGHLMREVDALDGLCSRICDQSGVHYKVLNRRKGPAVWGLRAQIDRKLYKQNMQKEILNTPLLTVQEGAVEDLILTEPEPEHTGKCRVSGVVLVDGSTVYAESVILTTGTFLRGMIVIGLETHPAGRLGDQPSIGLAQTLEKLGFVVGRLKTGTPPRIAKESINFSILNKHIPDNPSIPFSFTNETVWIKPEDQLPCYLTHTNPRVDEIVLKNLHLNSHVKETTRGPRYCPSIESKVLRFPNRLHQVWLEPEGMDSDLIYPQGLSMTLPAELQEKMITCIRGLEKAKVIQPDGVLLLLPRMECNGAISAHHNLPLPGYGVQYDYLDPRQITPSLETHLVQRLFFAGQINGTTGYEEAAAQGVIAGINASLRVSRKPPFVVSRTEGYIGVLIDDLTTLGTSEPYRMFTSRVEFRLSLRPDNADSRLTLRGYKDAGCVSQQRYERACWMKSSLEEGISVLKSIEFLSSKWKKLIPEASISTSRSLPVRALDVLKYEEVDMDSLAKAVPEPLKKYTKCRELAERLKIEATYESVLFHQLQEIKGVQQDEALQLPKDLDYLTIRDVSLSHEVREKLHFSRPQTIGAASRIPGVTPAAIINLLRFVKTTQRRQSAMNESSKTDQYLCDADRLQEREL
DCT,MSPLWWGFLLSCLGCKILPGAQGQFPRVCMTVDSLVNKECCPRLGAESANVCGSQQGRGQCTEVRADTRPWSGPYILRNQDDRELWPRKFFHRTCKCTGNFAGYNCGDCKFGWTGPNCERKKPPVIRQNIHSLSPQEREQFLGALDLAKKRVHPDYVITTQHWLGLLGPNGTQPQFANCSVYDFFVWLHYYSVRDTLLGPGRPYRAIDFSHQGPAFVTWHRYHLLCLERDLQRLIGNESFALPYWNFATGRNECDVCTDQLFGAARPDDPTLISRNSRFSSWETVCDSLDDYNHLVTLCNGTYEGLLRRNQMGRNSMKLPTLKDIRDCLSLQKFDNPPFFQNSTFSFRNALEGFDKADGTLDSQVMSLHNLVHSFLNGTNALPHSAANDPIFVVLHSFTDAIFDEWMKRFNPPADAWPQELAPIGHNRMYNMVPFFPPVTNEELFLTSDQLGYSYAIDLPVSVEETPGWPTTLLVVMGTLVALVGLFVLLAFLQYRRLRKGYTPLMETHLSSKRYTEEA
MAGEA1,MSLEQRSLHCKPEEALEAQQEALGLVCVQAATSSSSPLVLGTLEEVPTAGSTDPPQSPQGASAFPTTINFTRQRQPSEGSSSREEEGPSTSCILESLFRAVITKKVADLVGFLLLKYRAREPVTKAEMLESVIKNYKHCFPEIFGKASESLQLVFGIDVKEADPTGHSYVLVTCLGLSYDGLLGDNQIMPKTGFLIIVLVMIAMEGGHAPEEEIWEELSVMEVYDGREHSAYGEPRKLLTQDLVQEKYLEYRQVPDSDPARYEFLWGPRALAETSYVKVLEYVIKVSARVRFFFPSLREAALREEEEGV
MAGEA10,MPRAPKRQRCMPEEDLQSQSETQGLEGAQAPLAVEEDASSSTSTSSSFPSSFPSSSSSSSSSCYPLIPSTPEEVSADDETPNPPQSAQIACSSPSVVASLPLDQSDEGSSSQKEESPSTLQVLPDSESLPRSEIDEKVTDLVQFLLFKYQMKEPITKAEILESVIRNYEDHFPLLFSEASECMLLVFGIDVKEVDPTGHSFVLVTSLGLTYDGMLSDVQSMPKTGILILILSIVFIEGYCTPEEVIWEALNMMGLYDGMEHLIYGEPRKLLTQDWVQENYLEYRQVPGSDPARYEFLWGPRAHAEIRKMSLLKFLAKVNGSDPRSFPLWYEEALKDEEERAQDRIATTDDTTAMASASSSATGSFSYPE
MAGEA11,METQFRRGGLGCSPASIKRKKKREDSGDFGLQVSTMFSEDDFQSTERAPYGPQLQWSQDLPRVQVFREQANLEDRSPRRTQRITGGEQVLWGPITQIFPTVRPADLTRVIMPLEQRSQHCKPEEGLQAQEEDLGLVGAQALQAEEQEAAFFSSTLNVGTLEELPAAESPSPPQSPQEESFSPTAMDAIFGSLSDEGSGSQEKEGPSTSPDLIDPESFSQDILHDKIIDLVHLLLRKYRVKGLITKAEMLGSVIKNYEDYFPEIFREASVCMQLLFGIDVKEVDPTSHSYVLVTSLNLSYDGIQCNEQSMPKSGLLIIVLGVIFMEGNCIPEEVMWEVLSIMGVYAGREHFLFGEPKRLLTQNWVQEKYLVYRQVPGTDPACYEFLWGPRAHAETSKMKVLEYIANANGRDPTSYPSLYEDALREEGEGV
MAGEA12,MPLEQRSQHCKPEEGLEAQGEALGLVGAQAPATEEQETASSSSTLVEVTLREVPAAESPSPPHSPQGASTLPTTINYTLWSQSDEGSSNEEQEGPSTFPDLETSFQVALSRKMAELVHFLLLKYRAREPFTKAEMLGSVIRNFQDFFPVIFSKASEYLQLVFGIEVVEVVRIGHLYILVTCLGLSYDGLLGDNQIVPKTGLLIIVLAIIAKEGDCAPEEKIWEELSVLEASDGREDSVFAHPRKLLTQDLVQENYLEYRQVPGSDPACYEFLWGPRALVETSYVKVLHHLLKISGGPHISYPPLHEWAFREGEE
MAGEA2,MPLEQRSQHCKPEEGLEARGEALGLVGAQAPATEEQQTASSSSTLVEVTLGEVPAADSPSPPHSPQGASSFSTTINYTLWRQSDEGSSNQEEEGPRMFPDLESEFQAAISRKMVELVHFLLLKYRAREPVTKAEMLESVLRNCQDFFPVIFSKASEYLQLVFGIEVVEVVPISHLYILVTCLGLSYDGLLGDNQVMPKTGLLIIVLAIIAIEGDCAPEEKIWEELSMLEVFEGREDSVFAHPRKLLMQDLVQENYLEYRQVPGSDPACYEFLWGPRALIETSYVKVLHHTLKIGGEPHISYPPLHERALREGEE
MAGEA3,MPLEQRSQHCKPEEGLEARGEALGLVGAQAPATEEQEAASSSSTLVEVTLGEVPAAESPDPPQSPQGASSLPTTMNYPLWSQSYEDSSNQEEEGPSTFPDLESEFQAALSRKVAELVHFLLLKYRAREPVTKAEMLGSVVGNWQYFFPVIFSKASSSLQLVFGIELMEVDPIGHLYIFATCLGLSYDGLLGDNQIMPKAGLLIIVLAIIAREGDCAPEEKIWEELSVLEVFEGREDSILGDPKKLLTQHFVQENYLEYRQVPGSDPACYEFLWGPRALVETSYVKVLHHMVKISGGPHISYPPLHEWVLREGEE
MAGEA4,MSSEQKSQHCKPEEGVEAQEEALGLVGAQAPTTEEQEAAVSSSSPLVPGTLEEVPAAESAGPPQSPQGASALPTTISFTCWRQPNEGSSSQEEEGPSTSPDAESLFREALSNKVDELAHFLLRKYRAKELVTKAEMLERVIKNYKRCFPVIFGKASESLKMIFGIDVKEVDPASNTYTLVTCLGLSYDGLLGNNQIFPKTGLLIIVLGTIAMEGDSASEEEIWEELGVMGVYDGREHTVYGEPRKLLTQDWVQENYLEYRQVPGSNPARYEFLWGPRALAETSYVKVLEHVVRVNARVRIAYPSLREAALLEEEEGV
MAGEA6,MPLEQRSQHCKPEEGLEARGEALGLVGAQAPATEEQEAASSSSTLVEVTLGEVPAAESPDPPQSPQGASSLPTTMNYPLWSQSYEDSSNQEEEGPSTFPDLESEFQAALSRKVAKLVHFLLLKYRAREPVTKAEMLGSVVGNWQYFFPVIFSKASDSLQLVFGIELMEVDPIGHVYIFATCLGLSYDGLLGDNQIMPKTGFLIIILAIIAKEGDCAPEEKIWEELSVLEVFEGREDSIFGDPKKLLTQYFVQENYLEYRQVPGSDPACYEFLWGPRALIETSYVKVLHHMVKISGGPRISYPLLHEWALREGEE
MAGEA8,MLLGQKSQRYKAEEGLQAQGEAPGLMDVQIPTAEEQKAASSSSTLIMGTLEEVTDSGSPSPPQSPEGASSSLTVTDSTLWSQSDEGSSSNEEEGPSTSPDPAHLESLFREALDEKVAELVRFLLRKYQIKEPVTKAEMLESVIKNYKNHFPDIFSKASECMQVIFGIDVKEVDPAGHSYILVTCLGLSYDGLLGDDQSTPKTGLLIIVLGMILMEGSRAPEEAIWEALSVMGLYDGREHSVYWKLRKLLTQEWVQENYLEYRQAPGSDPVRYEFLWGPRALAETSYVKVLEHVVRVNARVRISYPSLHEEALGEEKGV
MAGEA9,MSLEQRSPHCKPDEDLEAQGEDLGLMGAQEPTGEEEETTSSSDSKEEEVSAAGSSSPPQSPQGGASSSISVYYTLWSQFDEGSSSQEEEEPSSSVDPAQLEFMFQEALKLKVAELVHFLLHKYRVKEPVTKAEMLESVIKNYKRYFPVIFGKASEFMQVIFGTDVKEVDPAGHSYILVTALGLSCDSMLGDGHSMPKAALLIIVLGVILTKDNCAPEEVIWEALSVMGVYVGKEHMFYGEPRKLLTQDWVQENYLEYRQVPGSDPAHYEFLWGSKAHAETSYEKVINYLVMLNAREPICYPSLYEEVLGEEQEGV
MAGEB1,MPRGQKSKLRAREKRRKAREETQGLKVAHATAAEKEECPSSSPVLGDTPTSSPAAGIPQKPQGAPPTTTAAAAVSCTESDEGAKCQGEENASFSQATTSTESSVKDPVAWEAGMLMHFILRKYKMREPIMKADMLKVVDEKYKDHFTEILNGASRRLELVFGLDLKEDNPSGHTYTLVSKLNLTNDGNLSNDWDFPRNGLLMPLLGVIFLKGNSATEEEIWKFMNVLGAYDGEEHLIYGEPRKFITQDLVQEKYLKYEQVPNSDPPRYQFLWGPRAYAETTKMKVLEFLAKMNGATPRDFPSHYEEALRDEEERAQVRSSVRARRRTTATTFRARSRAPFSRSSHPM
MAGEB10,MPRGQKSKLRAREKRRQARGGLEDLIDALDILEEEEESPPSASACLKDVFQSSLDGASNNPHGLREAQSTSTSATAASHTRHPEGVNDQMEERPICTQDLEATDSFPRGPVDEKVIILVHYLLYKYQMKEPITKADMLRNVTQMSKSQFPVILSRASEHLELIFGLDLKEVEPNKHIYVLVNKLDLGCDAKLSDETGVPKTGLLMTVLGIIFTNGNCVAEEEVWKVFNTMGLYDGIEHFMFGEPRKLLTKDLVKENYLEYQQVPNSDPPRYQFLWGPRAHAETSKMKVLEFLAKVNDTAPSEFSNWYTEALQDEEERARARVAAKARVSATAGARSKVKSSKSSQLQ
MAGEB16,MSQDQESPRCTHDQHLQTFSETQSLEVAQVSKALEKTLLSSSHPLVPGKLKEAPAAKAESPLEVPQSFCSSSIAVTTTSSSESDEASSNQEEEDSPSSSEDTSDPRNVPADALDQKVAFLVNFMLHKCQMKKPITKADMLKIIIKDDESHFSEILLRASEHLEMIFGLDVVEVDPTTHCYGLFIKLGLTYDGMLSGEKGVPKTGLLIIVLGVIFMKGNRATEEEVWEVLNLTGVYSGKKHFIFGEPRMLITKDFVKEKYLEYQQVANSDPARYEFLWGPRAKAETSKMKVLEFVAKVHGSYPHSFPSQYAEALKEEEERARARI
MAGEB18,MPRGQKSKLRAREKRHQARCENQDLGATQATVAEGESPSPAYLLFGDRPQNLPAAETPSIPEALQGAPSTTNAIAPVSCSSNEGASSQDEKSLGSSREAEGWKEDPLNKKVVSLVHFLLQKYETKEPITKGDMIKFVIRKDKCHFNEILKRASEHMELALGVDLKEVDPIRHYYAFFSKLDLTYDETTSDEEKIPKTGLLMIALGVIFLNGNRAPEEAVWEIMNMMGVYADRKHFLYGDPRKVMTKDLVQLKYLEYQQVPNSDPPRYEFLWGPRAHAETSKMKVLEFVAKIHDTVPSAFPSCYEEALRDEEQRTQARAAARAHTAAMANARSRTTSSSFSHAK
MAGEB2,MPRGQKSKLRAREKRRKARDETRGLNVPQVTEAEEEEAPCCSSSVSGGAASSSPAAGIPQEPQRAPTTAAAAAAGVSSTKSKKGAKSHQGEKNASSSQASTSTKSPSEDPLTRKSGSLVQFLLYKYKIKKSVTKGEMLKIVGKRFREHFPEILKKASEGLSVVFGLELNKVNPNGHTYTFIDKVDLTDEESLLSSWDFPRRKLLMPLLGVIFLNGNSATEEEIWEFLNMLGVYDGEEHSVFGEPWKLITKDLVQEKYLEYKQVPSSDPPRFQFLWGPRAYAETSKMKVLEFLAKVNGTTPCAFPTHYEEALKDEEKAGV
MAGEB3,MPRGQKSTLHAREKRQQTRGQTQDHQGAQITATNKKKVSFSSPLILGATIQKKSAGRSRSALKKPQRALSTTTSVDVSYKKSYKGANSKIEKKQSFSQGLSSTVQSRTDPLIMKTNMLVQFLMEMYKMKKPIMKADMLKIVQKSHKNCFPEILKKASFNMEVVFGVDLKKVDSTKDSYVLVSKMDLPNNGTVTRGRGFPKTGLLLNLLGVIFMKGNCATEEKIWEFLNKMRIYDGKKHFIFGEPRKLITQDLVKLKYLEYRQVPNSNPARYEFLWGPRAHAETSKMKVLEFWAKVNKTVPSAFQFWYEEALRDEEERVQAAAMLNDGSSAMGRKCSKAKASSSSHA
MAGEB4,MPRGQKSKLRAREKRQRTRGQTQDLKVGQPTAAEKEESPSSSSSVLRDTASSSLAFGIPQEPQREPPTTSAAAAMSCTGSDKGDESQDEENASSSQASTSTERSLKDSLTRKTKMLVQFLLYKYKMKEPTTKAEMLKIISKKYKEHFPEIFRKVSQRTELVFGLALKEVNPTTHSYILVSMLGPNDGNQSSAWTLPRNGLLMPLLSVIFLNGNCAREEEIWEFLNMLGIYDGKRHLIFGEPRKLITQDLVQEKYLEYQQVPNSDPPRYQFLWGPRAHAETSKMKVLEFLAKVNDTTPNNFPLLYEEALRDEEERAGARPRVAARRGTTAMTSAYSRATSSSSSQPM
MAGEB5,MTSAGVFNAGSDERANSRDEEYPCSSEVSPSTESSCSNFINIKVGLLEQFLLYKFKMKQRILKEDMLKIVNPRYQNQFAEIHRRASEHIEVVFAVDLKEVNPTCHLYDLVSKLKLPNNGRIHVGKVLPKTGLLMTFLVVIFLKGNCANKEDTWKFLDMMQIYDGKKYYIYGEPRKLITQDFVRLTYLEYHQVPCSYPAHYQFLWGPRAYTETSKMKVLEYLAKVNDIAPGAFSSQYEEALQDEEESPSQRCSRNWHYCSGQDCLRAKFSSFSQPY
MAGEB6,MPRGHKSKLRTCEKRQETNGQPQGLTGPQATAEKQEESHSSSSSSRACLGDCRRSSDASIPQESQGVSPTGSPDAVVSYSKSDVAANGQDEKSPSTSRDASVPQESQGASPTGSPDAGVSGSKYDVAANGQDEKSPSTSHDVSVPQESQGASPTGSPDAGVSGSKYDVAAEGEDEESVSASQKAIIFKRLSKDAVKKKACTLAQFLQKKFEKKESILKADMLKCVRREYKPYFPQILNRTSQHLVVAFGVELKEMDSSGESYTLVSKLGLPSEGILSGDNALPKSGLLMSLLVVIFMNGNCATEEEVWEFLGLLGIYDGILHSIYGDARKIITEDLVQDKYVVYRQVCNSDPPCYEFLWGPRAYAETTKMRVLRVLADSSNTSPGLYPHLYEDALIDEVERALRLRA
MAGEC1,MGDKDMPTAGMPSLLQSSSESPQSCPEGEDSQSPLQIPQSSPESDDTLYPLQSPQSRSEGEDSSDPLQRPPEGKDSQSPLQIPQSSPEGDDTQSPLQNSQSSPEGKDSLSPLEISQSPPEGEDVQSPLQNPASSFFSSALLSIFQSSPESTQSPFEGFPQSVLQIPVSAASSSTLVSIFQSSPESTQSPFEGFPQSPLQIPVSRSFSSTLLSIFQSSPERTQSTFEGFAQSPLQIPVSPSSSSTLLSLFQSFSERTQSTFEGFAQSSLQIPVSPSFSSTLVSLFQSSPERTQSTFEGFPQSPLQIPVSSSSSSTLLSLFQSSPERTHSTFEGFPQSLLQIPMTSSFSSTLLSIFQSSPESAQSTFEGFPQSPLQIPGSPSFSSTLLSLFQSSPERTHSTFEGFPQSPLQIPMTSSFSSTLLSILQSSPESAQSAFEGFPQSPLQIPVSSSFSYTLLSLFQSSPERTHSTFEGFPQSPLQIPVSSSSSSSTLLSLFQSSPECTQSTFEGFPQSPLQIPQSPPEGENTHSPLQIVPSLPEWEDSLSPHYFPQSPPQGEDSLSPHYFPQSPPQGEDSLSPHYFPQSPQGEDSLSPHYFPQSPPQGEDSMSPLYFPQSPLQGEEFQSSLQSPVSICSSSTPSSLPQSFPESSQSPPEGPVQSPLHSPQSPPEGMHSQSPLQSPESAPEGEDSLSPLQIPQSPLEGEDSLSSLHFPQSPPEWEDSLSPLHFPQFPPQGEDFQSSLQSPVSICSSSTSLSLPQSFPESPQSPPEGPAQSPLQRPVSSFFSYTLASLLQSSHESPQSPPEGPAQSPLQSPVSSFPSSTSSSLSQSSPVSSFPSSTSSSLSKSSPESPLQSPVISFSSSTSLSPFSEESSSPVDEYTSSSDTLLESDSLTDSESLIESEPLFTYTLDEKVDELARFLLLKYQVKQPITKAEMLTNVISRYTGYFPVIFRKAREFIEILFGISLREVDPDDSYVFVNTLDLTSEGCLSDEQGMSQNRLLILILSIIFIKGTYASEEVIWDVLSGIGVRAGREHFAFGEPRELLTKVWVQEHYLEYREVPNSSPPRYEFLWGPRAHSEVIKRKVVEFLAMLKNTVPITFPSSYKDALKDVEERAQAIIDTTDDSTATESASSSVMSPSFSSE
MAGEC3,MLLPCHWVLDATFSDGSLGQWVKNTCATYALSPVVLPPQPQPRKKATDKDYSAFHLGHLREVRLFLRGGTSDQRMDSLVLCPTYFKLWRTLSGSPGLQLSDLHFGSQPEGKFSLRRAVSVKQREEPQDWPLNEKRTLWKDSDLPTWRRGTGYTLSLPAVSPGKRLWGEKAGSLPESEPLFTYTLDEKVDKLVQFLLLKYQAKEPLTRAEMQMNVINTYTGYFPMIFRKAREFIEILFGISLTEVDPDHFYVFVNTLDLTCEGSLSDEQGMPQNRLLILILSVIFIKGNCASEEVIWEVLNAIGPWSALAGFADVLSRLALWESEGPEAFCEESGLRSAEGSVLDLANPQGLAGHRQEDGRRGLTEASPQQKKGGEDEDMPAAGMPPLPQSPPEIPPQGPPKISPQGPPQSPPQSPLDSCSSPLLWTRLDEESSSEEEDTATWHALPESESLPRYALDEKVAELVQFLLLKYQTKEPVTKAEMLTTVIKKYKDYFPMIFGKAHEFIELIFGIALTDMDPDNHSYFFEDTLDLTYEGSLIDDQGMPKNCLLILILSMIFIKGSCVPEEVIWEVLSAIGPIQRPAREVLEFLSKLSSIIPSAFPSWYMDALKDMEDRAQAIIDTTDDATAMASASPSVMSTNFCPE
MAGED1,MAQKMDCGAGLLGFQAEASVEDSALLMQTLMEAIQISEAPPTNQATAAASPQSSQPPTANEMADIQVSAAAARPKSAFKVQNATTKGPNGVYDFSQAHNAKDVPNTQPKAAFKSQNATPKGPNAAYDFSQAATTGELAANKSEMAFKAQNATTKVGPNATYNFSQSLNANDLANSRPKTPFKAWNDTTKAPTADTQTQNVNQAKMATSQADIETDPGISEPDGATAQTSADGSQAQNLESRTIIRGKRTRKINNLNVEENSSGDQRRAPLAAGTWRSAPVPVTTQNPPGAPPNVLWQTPLAWQNPSGWQNQTARQTPPARQSPPARQTPPAWQNPVAWQNPVIWPNPVIWQNPVIWPNPIVWPGPVVWPNPLAWQNPPGWQTPPGWQTPPGWQGPPDWQGPPDWPLPPDWPLPPDWPLPTDWPLPPDWIPADWPIPPDWQNLRPSPNLRPSPNSRASQNPGAAQPRDVALLQERANKLVKYLMLKDYTKVPIKRSEMLRDIIREYTDVYPEIIERACFVLEKKFGIQLKEIDKEEHLYILISTPESLAGILGTTKDTPKLGLLLVILGVIFMNGNRASEAVLWEALRKMGLRPGVRHPLLGDLRKLLTYEFVKQKYLDYRRVPNSNPPEYEFLWGLRSYHETSKMKVLRFIAEVQKRDPRDWTAQFMEAADEALDALDAAAAEAEARAEARTRMGIGDEAVSGPWSWDDIEFELLTWDEEGDFGDPWSRIPFTFWARYHQNARSRFPQTFAGPIIGPGGTASANFAANFGAIGFFWVE
MAGED2,MSDTSESGAGLTRFQAEASEKDSSSMMQTLLTVTQNVEVPETPKASKALEVSEDVKVSKASGVSKATEVSKTPEAREAPATQASSTTQLTDTQVLAAENKSLAADTKKQNADPQAVTMPATETKKVSHVADTKVNTKAQETEAAPSQAPADEPEPESAAAQSQENQDTRPKVKAKKARKVKHLDGEEDGSSDQSQASGTTGGRRVSKALMASMARRASRGPIAFWARRASRTRLAAWARRALLSLRSPKARRGKARRRAAKLQSSQEPEAPPPRDVALLQGRANDLVKYLLAKDQTKIPIKRSDMLKDIIKEYTDVYPEIIERAGYSLEKVFGIQLKEIDKNDHLYILLSTLEPTDAGILGTTKDSPKLGLLMVLLSIIFMNGNRSSEAVIWEVLRKLGLRPGIHHSLFGDVKKLITDEFVKQKYLDYARVPNSNPPEYEFFWGLRSYYETSKMKVLKFACKVQKKDPKEWAAQYREAMEADLKAAAEAAAEAKARAEIRARMGIGLGSENAAGPCNWDEADIGPWAKARIQAGAEAKAKAQESGSASTGASTSTNNSASASASTSGGFSAGASLTATLTFGLFAGLGGAGASTSGSSGACGFSYK
MAGED4,MAEGSFSVQSESYSVEDMDEGSDEVGEEEMVEGNDYEEFGAFGGYGTLTSFDIHILRAFGSLGPGLRILSNEPWELENPVLAQTLVEALQLDPETLANETAARAANVARAAASNRAARAAAAAARTAFSQVVASHRVATPQVSGEDTQPTTYAAEAQGPTPEPPLASPQTSQMLVTSKMAAPEAPATSAQSQTGSPAQEAATEGPSSACAFSQAPCAREVDANRPSTAFLGQNDVFDFTQPAGVSGMAFPRPKRPAPAQEAATEGPSAASGVPQTGPGREVAATRPKTTKSGKALAKTRWVEPQNVVAAAAAKAKMATSIPEPEGAAAATAQHSAEPWARMGGKRTKKSKHLDDEYESSEEERETPAVPPTWRASQPSLTVRAQLAPRPPMAPRSQIPSRHVLCLPPRNVTLLQERANKLVKYLMIKDYKKIPIKRADMLKDVIREYDEHFPEIIERATYTLEKKFGIHLKEIDKEEHLYILVCTRDSSARLLGKTKDTPRLSLLLVILGVIFMNGNRASEAVLWEALRKMGLRPGVRHPFLGDLRKLITDDFVKQKYLEYKKIPNSNPPEYEFLWGLRARHETSKMRVLRFIAQNQNRDPREWKAHFLEAVDDAFKTMDVDMAEEHARAQMRAQMNIGDEALIGRWSWDDIQVELLTWDEDGDFGDAWARIPFAFWARYHQYILNSNRANRRATWRAGVSSGTNGGASTSVLDGPSTSSTIRTRNAARAGASFFSWIQHR
MAGEE1,MSLVSQNSRRRRRRVAKATAHNSSWGEMQAPNAPGLPADVPGSDVPQGPSDSQILQGLCASEGPSTSVLPTSAEGPSTFVPPTISEASSASGQPTISEGPGTSVLPTPSEGLSTSGPPTISKGLCTSVTLAASEGRNTSRPPTSSEEPSTSVPPTASEVPSTSLPPTPGEGTSTSVPPTAYEGPSTSVVPTPDEGPSTSVLPTPGEGPGTSVPLAATEGLSTSVQATPDEGPSTSVPPTATEGLSTPVPPTRDEGPSTSVPATPGEGPSTSVLPAASDGQSISLVPTRGKGSSTSVPPTATEGLSTSVQPTAGEGSSTSVPPTPGGGLSTSVPPTATEELSTSVPPTPGEGPSTSVLPIPGEGLSTSVPPTASDGSDTSVPPTPGEGASTLVQPTAPDGPGSSVLPNPGEGPSTLFSSSASVDRNPSKCSLVLPSPRVTKASVDSDSEGPKGAEGPIEFEVLRDCESPNSISIMGLNTSRVAITLKPQDPMEQNVAELLQFLLVKDQSKYPIRESEMREYIVKEYRNQFPEILRRAAAHLECIFRFELRELDPEAHTYILLNKLGPVPFEGLEESPNGPKMGLLMMILGQIFLNGNQAKEAEIWEMLWRMGVQRERRLSIFGNPKRLLSVEFVWQRYLDYRPVTDCKPVEYEFFWGPRSHLETTKMKILKFMAKIYNKDPMDWPEKYNEALEEDAARAFAEGWQALPHFRRPFFEEAAAEVPSPDSEVSSYSSKYAPHSWPESRLESKARKLVQLFLLMDSTKLPIPKKGILYYIGRECSKVFPDLLNRAARTLNHVYGTELVVLDPRNHSYTLYNRREMEETEEIVDSPNRPGNNFLMQVLSFIFIMGNHARESAVWAFLRGLGVQAGRKHVITCRYLSQRYIDSLRVPDSDPVQYEFVWGPRARLETSKMKALRYVARIHRKEPQDWPQQYREAMEDEANRADVGHRQIFVHNFR
MAGEC2,MPPVPGVPFRNVDNDSPTSVELEDWVDAQHPTDEEEEEASSASSTLYLVFSPSSFSTSSSLILGGPEEEEVPSGVIPNLTESIPSSPPQGPPQGPSQSPLSSCCSSFSWSSFSEESSSQKGEDTGTCQGLPDSESSFTYTLDEKVAELVEFLLLKYEAEEPVTEAEMLMIVIKYKDYFPVILKRAREFMELLFGLALIEVGPDHFCVFANTVGLTDEGSDDEGMPENSLLIIILSVIFIKGNCASEEVIWEVLNAVGVYAGREHFVYGEPRELLTKVWVQGHYLEYREVPHSSPPYYEFLWGPRAHSESIKKKVLEFLAKLNNTVPSSFPSWYKDALKDVEERVQATIDTADDATVMASESLSVMSSNVSFSE
MAGEE2,MSLVSQNARHCSAEITADYGDGRGEIQATNASGSPTSMLVVDAPQCPQAPINSQCVNTSQAVQDPNDLEVLIDEQSRRLGALRVHDPLEDRSIALVNFMRMKSQTEGSIQQSEMLEFLREYSDQFPEILRRASAHLDQVFGLNLRVIDPQADTYNLVSKRGFQITDRIAESLDMPKASLLALVLGHILLNGNRAREASIWDLLLKVDMWDKPQRINNLFGNTRNLLTTDFVCMRFLEYWPVYGTNPLEFEFLWGSRAHREITKMEALKFVSDAHDEEPWSWPEEYNKALEGDKTKERSLTAGLEFWSEDTMNDKANDLVQLAISVTEEMLPIHQDELLAHTGKEFEDVFPNILNRATLILDMFYGLSLIEVDTSEHIYLLVQQPESEEEQVMLESLGRPTQEYVMPILGLIFLMGNRVKEANVWNLLRRFSVDVGRKHSITRKLMRQRYLECRPLSYSNPVEYELLWGPRAHHETIKMKVLEYMARLYRKRPQNWPEQYREAVEDEEARAKSEATIMFFLDPT
MAGEF1,MLQTPESRGLPVPQAEGEKDGGHDGETRAPTASQERPKEELGAGREEGAAEPALTRKGARALAAKALARRRAYRRLNRTVAELVQFLLVKDKKKSPITRSEMVKYVIGDLKILFPDIIARAAEHLRYVFGFELKQFDRKHHTYILINKLKPLEEEEEEDLGGDGPRLGLLMMILGLIYMRGNSAREAQVWEMLRRLGVQPSKYHFLFGYPKRLIMEDFVQQRYLSYRRVPHTNPPEYEFSWGPRSNLEISKMEVLGFVAKLHKKEPQHWPVQYREALADEADRARAKARAEASMRARASARAGIHLW
MAGEH1,MPRGRKSRRRRNARAAEENRNNRKIQASEASETPMAASVVASTPEDDLSGPEEDPSTPEEASTTPEEASSTAQAQKPSVPRSNFQGTKKSLLMSILALIFIMGNSAKEALVWKVLGKLGMQPGRQHSIFGDPKKIVTEEFVRRGYLIYKPVPRSSPVEYEFFWGPRAHVESSKLKVMHFVARVRNRCSKDWPCNYDWDSDDDAEVEAILNSGARGYSAP
MAGEL2,MSQLSKNLGDSSPPAEAPKPPVYSRPTVLMRAPPASSRAPPVPWDPPPIDLQASLAAWQAPQPAWEAPQGQLPAPVVPMTQPPALGGPIVPAPPLGGPMGKPPTPGVLMVHPPPPGAPMAQPPTPGVLMVHPSAPGAPMAHPPPPGTPMSHPPPPGTPMAHPPPPGTPMAHPPPPGTPMVHPPPPGTPMAHPPPPGTPMAHPPPPGTPMAHPPPPGTPMAHPPPPGTPMAQPPAPGVLMAQPLTPGVLMVQPAAPGAPMVQPPPAAMMTQPQPSGAPMAKPPGPGVLMIHPPGARAPMTQPPASGAPMAQPAAPPAQPMAPPAQPMASWAPQAQPLILQIQSQVIRAPPQVPQGPQAPPAQLATPPGWQATSPGWQATQQGWQATPLTWQTTQVTWQAPAVTWQVPPPMRQGPPPIRPGPPPIRPGPPPVRQAPPLIRQAPPVIRQAPPVIRQAPPVIRQAPAVIRQAPPVIRQAPPVIRQAPPVIRQAPPLIRQAPPPIRPAPQVLATQPPLWQALPPPPPLRQAPQARLPAPQVQAAPQVPTAPPATQVPAAPPAGPQVPQPVLPAPLSAPLSAPQAVHCPSIIWQAPKGQPPVPHEIPTSMEFQEVQQTQALAWQAQKAPTHIWQPLPAQEAQRQAPPLVQLEQPFQGAPPSQKAVQIQLPPQQAQASGPQAEVPTLPLQPSWQAPPAVLQAQPGPPVAAANFPLGSAKSLMTPSGECRASSIDRRGSSKERRTSSKERRAPSKDRMIFAATFCAPKAVSAARAHLPAAWKNLPATPETFAPSSSVFPATSQFQPASLNAFKGPSAASETPKSLPYALQDPFACVEALPAVPWVPQPNMNASKASQAVPTFLMATAAAPQATATTQEASKTSVEPPRRSGKATRKKKHLEAQEDSRGHTLAFHDWQGPRPWENLNLSDWEVQSPIQVSGDWEHPNTPRGLSGWEGPSTSRILSGWEGPSASWALSAWEGPSTSRALGLSESPGSSLPVVVSEVASVSPGSSATQDNSKVEAQPLSPLDERANALVQFLLVKDQAKVPVQRSEMVKVILREYKDECLDIINRANNKLECAFGYQLKEIDTKNHAYIIINKLGYHTGNLVASYLDRPKFGLLMVVLSLIFMKGNCVREDLIFNFLFKLGLDVRETNGLFGNTKKLITEVFVRQKYLEYRRIPYTEPAEYEFLWGPRAFLETSKMLVLRFLAKLHKKDPQSWPFHYLEALAECEWEDTDEDEPDTGDSAHGPTSRPPPR
NDN,MSEQSKDLSDPNFAAEAPNSEVHSSPGVSEGVPPSATLAEPQSPPLGPTAAPQAAPPPQAPNDEGDPKALQQAAEEGRAHQAPSAAQPGPAPPAPAQLVQKAHELMWYVLVKDQKKMIIWFPDMVKDVIGSYKKWCRSILRRTSLILARVFGLHLRLTSLHTMEFALVKALEPEELDRVALSNRMPMTGLLLMILSLIYVKGRGARESAVWNVLRILGLRPWKKHSTFGDVRKLITEEFVQMNYLKYQRVPYVEPPEYEFFWGSRASREITKMQIMEFLARVFKKDPQAWPSRYREALEEARALREANPTAHYPRSSVSED
NSMCE3,MLQKPRNRGRSGGQAERDRDWSHSGNPGASRAGEDARVLRDGFAEEAPSTSRGPGGSQGSQGPSPQGARRAQAAPAVGPRSQKQLELKVSELVQFLLIKDQKKIPIKRADILKHVIGDYKDIFPDLFKRAAERLQYVFGYKLVELEPKSNTYILINTLEPVEEDAEMRGDQGTPTTGLLMIVLGLIFMKGNTIKETEAWDFLRRLGVYPTKKHLIFGDPKKLITEDFVRQRYLEYRRIPHTDPVDYEFQWGPRTNLETSKMKVLKFVAKVHNQDPKDWPAQYCEALADEENRARPQPSGPAPSS
MLANA,MPREDAHFIYGYPKKGHGHSYTTAEEAAGIGILTVILGVLLLIGCWYCRRRNGYRALMDKSLHVGTQCALTRRCPQEGFDHRDSKVSLQEKNCEPVVPNAPPAYEKLSAEQSPPPYSP
TYRP1,MSAPKLLSLGCIFFPLLLFQQARAQFPRQCATVEALRSGMCCPDLSPVSGPGTDRCGSSSGRGRCEAVTADSRPHSPQYPHDGRDDREVWPLRFFNRTCHCNGNFSGHNCGTCRPGWRGAACDQRVLIVRRNLLDLSKEEKNHFVRALDMAKRTTHPLFVIATRRSEEILGPDGNTPQFENISIYNYFVWTHYYSVKKTFLGVGQESFGEVDFSHEGPAFLTWHRYHLLRLEKDMQEMLQEPSFSLPYWNFATGKNVCDICTDDLMGSRSNFDSTLISPNSVFSQWRVVCDSLEDYDTLGTLCNSTEDGPIRRNPAGNVARPMVQRLPEPQDVAQCLEVGLFDTPPFYSNSTNSFRNTVEGYSDPTGKYDPAVRSLHNLAHLFLNGTGGQTHLSPNDPIFVLLHTFTDAVFDEWLRRYNADISTFPLENAPIGHNRQYNMVPFWPPVTNTEMFVTAPDNLGYTYEIQWPSREFSVPEIIAIAVVGALLLVALIFGTASYLIRARRSMDEANQPLLTDQYQCYAEEYEKLQNPNQSVV
GPNMB,MECLYYFLGFLLLAARLPLDAAKRFHDVLGNERPSAYMREHNQLNGWSSDENDWNEKLYPVWKRGDMRWKNSWKGGRVQAVLTSDSPALVGSNITFAVNLIFPRCQKEDANGNIVYEKNCRNEAGLSADPYVYNWTAWSEDSDGENGTGQSHHNVFPDGKPFPHHPGWRRWNFIYVFHTLGQYFQKLGRCSVRVSVNTANVTLGPQLMEVTVYRRHGRAYVPIAQVKDVYVVTDQIPVFVTMFQKNDRNSSDETFLKDLPIMFDVLIHDPSHFLNYSTINYKWSFGDNTGLFVSTNHTVNHTYVLNGTFSLNLTVKAAAPGPCPPPPPPPRPSKPTPSLATTLKSYDSNTPGPAGDNPLELSRIPDENCQINRYGHFQATITIVEGILEVNIIQMTDVLMPVPWPESSLIDFVVTCQGSIPTEVCTIISDPTCEITQNTVCSPVDVDEMCLLTVRRTFNGSGTYCVNLTLGDDTSLALTSTLISVPDRDPASPLRMANSALISVGCLAIFVTVISLLVYKKHKEYNPIENSPGNVVRSKGLSVFLNRAKAVFFPGNQEKDPLLKNQEFKGVS
MITF,MQSESGIVPDFEVGEEFHEEPKTYYELKSQPLKSSSSAEHPGASKPPISSSSMTSRILLRQQLMREQMQEQERREQQQKLQAAQFMQQRVPVSQTPAINVSVPTTLPSATQVPMEVLKVQTHLENPTKYHIQQAQRQQVKQYLSTTLANKHANQVLSLPCPNQPGDHVMPPVPGSSAPNSPMAMLTLNSNCEKEGFYKFEEQNRAESECPGMNTHSRASCMQMDDVIDDIISLESSYNEEILGLMDPALQMANTLPVSGNLIDLYGNQGLPPPGLTISNSCPANLPNIKRELTACIFPTESEARALAKERQKKDNHNLIERRRRFNINDRIKELGTLIPKSNDPDMRWNKGTILKASVDYIRKLQREQQRAKELENRQKKLEHANRHLLLRIQELEMQARAHGLSLIPSTGLCSPDLVNRIIKQEPVLENCSQDLLQHHADLTCTTTLDLTDGTITFNNNLGTGTEANQAYSVPTKMGSKLEDILMDDTLSPVGVTDPLLSSVSPGASKTSSRRSSMSMEETEHTC
PMEL,MDLVLKRCLLHLAVIGALLAVGATKVPRNQDWLGVSRQLRTKAWNRQLYPEWTEAQRLDCWRGGQVSLKVSNDGPTLIGANASFSIALNFPGSQKVLPDGQVIWVNNTIINGSQVWGGQPVYPQETDDACIFPDGGPCPSGSWSQKRSFVYVWKTWGQYWQVLGGPVSGLSIGTGRAMLGTHTMEVTVYHRRGSRSYVPLAHSSSAFTITDQVPFSVSVSQLRALDGGNKHFLRNQPLTFALQLHDPSGYLAEADLSYTWDFGDSSGTLISRALVVTHTYLEPGPVTAQVVLQAAIPLTSCGSSPVPGTTDGHRPTAEAPNTTAGQVPTTEVVGTTPGQAPTAEPSGTTSVQVPTTEVISTAPVQMPTAESTGMTPEKVPVSEVMGTTLAEMSTPEATGMTPAEVSIVVLSGTTAAQVTTTEWVETTARELPIPEPEGPDASSIMSTESITGSLGPLLDGTATLRLVKRQVPLDCVLYRYGSFSVTLDIVQGIESAEILQAVPSGEGDAFELTVSCQGGLPKEACMEISSPGCQPPAQRLCQPVLPSPACQLVLHQILKGGSGTYCLNVSLADTNSLAVVSTQLIMPGQEAGLGQVPLIVGILLVLMAVVLASLIYRRRLMKQDFSVPQLPHSSSHWLRLPRIFCSCPIGENSPLLSGQQV
TYR,MLLAVLYCLLWSFQTSAGHFPRACVSSKNLMEKECCPPWSGDRSPCGQLSGRGSCQNILLSNAPLGPQFPFTGVDDRESWPSVFYNRTCQCSGNFMGFNCGNCKFGFWGPNCTERRLLVRRNIFDLSAPEKDKFFAYLTLAKHTISSDYVIPIGTYGQMKNGSTPMFNDINIYDLFVWMHYYVSMDALLGGSEIWRDIDFAHEAPAFLPWHRLFLLRWEQEIQKLTGDENFTIPYWDWRDAEKCDICTDEYMGGQHPTNPNLLSPASFFSSWQIVCSRLEEYNSHQSLCNGTPEGPLRRNPGNHDKSRTPRLPSSADVEFCLSLTQYESGSMDKAANFSFRNTLEGFASPLTGIADASQSSMHNALHIYMNGTMSQVQGSANDPIFLLHHAFVDSIFEQWLRRHRPLQEVYPEANAPIGHNRESYMVPFIPLYRNGDFFISSKDLGYDYSYLQDSDPDSFQDYIKSYLEQASRIWSWLLGAAMVGAVLTALLAGLVSLLCRHKRKQLPEEKQPLLMEKEDYHSLYQSHL
